[{
  "_id": {
    "$oid": "573a1390f29313caabcd42e8"
  },
  "plot": "A group of bandits stage a brazen train hold-up, only to find a determined posse hot on their heels.",
  "genres": [
    "Short",
    "Western"
  ],
  "runtime": 11,
  "cast": [
    "A.C. Abadie",
    "Gilbert M. 'Broncho Billy' Anderson",
    "George Barnes",
    "Justus D. Barnes"
  ],
  "poster": "https://m.media-amazon.com/images/M/MV5BMTU3NjE5NzYtYTYyNS00MDVmLWIwYjgtMmYwYWIxZDYyNzU2XkEyXkFqcGdeQXVyNzQzNzQxNzI@._V1_SY1000_SX677_AL_.jpg",
  "title": "The Great Train Robbery",
  "fullplot": "Among the earliest existing films in American cinema - notable as the first film that presented a narrative story to tell - it depicts a group of cowboy outlaws who hold up a train and rob the passengers. They are then pursued by a Sheriff's posse. Several scenes have color included - all hand tinted.",
  "languages": [
    "English"
  ],
  "released": {
    "$date": {
      "$numberLong": "-2085523200000"
    }
  },
  "directors": [
    "Edwin S. Porter"
  ],
  "rated": "TV-G",
  "awards": {
    "wins": 1,
    "nominations": 0,
    "text": "1 win."
  },
  "lastupdated": "2015-08-13 00:27:59.177000000",
  "year": 1903,
  "imdb": {
    "rating": 7.4,
    "votes": 9847,
    "id": 439
  },
  "countries": [
    "USA"
  ],
  "type": "movie",
  "tomatoes": {
    "viewer": {
      "rating": 3.7,
      "numReviews": 2559,
      "meter": 75
    },
    "fresh": 6,
    "critic": {
      "rating": 7.6,
      "numReviews": 6,
      "meter": 100
    },
    "rotten": 0,
    "lastUpdated": {
      "$date": "2015-08-08T19:16:10.000Z"
    }
  },
  "num_mflix_comments": 0
},
{
  "_id": {
    "$oid": "573a1390f29313caabcd446f"
  },
  "plot": "A greedy tycoon decides, on a whim, to corner the world market in wheat. This doubles the price of bread, forcing the grain's producers into charity lines and further into poverty. The film...",
  "genres": [
    "Short",
    "Drama"
  ],
  "runtime": 14,
  "cast": [
    "Frank Powell",
    "Grace Henderson",
    "James Kirkwood",
    "Linda Arvidson"
  ],
  "num_mflix_comments": 1,
  "title": "A Corner in Wheat",
  "fullplot": "A greedy tycoon decides, on a whim, to corner the world market in wheat. This doubles the price of bread, forcing the grain's producers into charity lines and further into poverty. The film continues to contrast the ironic differences between the lives of those who work to grow the wheat and the life of the man who dabbles in its sale for profit.",
  "languages": [
    "English"
  ],
  "released": {
    "$date": {
      "$numberLong": "-1895097600000"
    }
  },
  "directors": [
    "D.W. Griffith"
  ],
  "rated": "G",
  "awards": {
    "wins": 1,
    "nominations": 0,
    "text": "1 win."
  },
  "lastupdated": "2015-08-13 00:46:30.660000000",
  "year": 1909,
  "imdb": {
    "rating": 6.6,
    "votes": 1375,
    "id": 832
  },
  "countries": [
    "USA"
  ],
  "type": "movie",
  "tomatoes": {
    "viewer": {
      "rating": 3.6,
      "numReviews": 109,
      "meter": 73
    },
    "lastUpdated": {
      "$date": "2015-05-11T18:36:53.000Z"
    }
  }
},
{
  "_id": {
    "$oid": "573a1390f29313caabcd4803"
  },
  "plot": "Cartoon figures announce, via comic strip balloons, that they will move - and move they do, in a wildly exaggerated style.",
  "genres": [
    "Animation",
    "Short",
    "Comedy"
  ],
  "runtime": 7,
  "cast": [
    "Winsor McCay"
  ],
  "num_mflix_comments": 0,
  "poster": "https://m.media-amazon.com/images/M/MV5BYzg2NjNhNTctMjUxMi00ZWU4LWI3ZjYtNTI0NTQxNThjZTk2XkEyXkFqcGdeQXVyNzg5OTk2OA@@._V1_SY1000_SX677_AL_.jpg",
  "title": "Winsor McCay, the Famous Cartoonist of the N.Y. Herald and His Moving Comics",
  "fullplot": "Cartoonist Winsor McCay agrees to create a large set of drawings that will be photographed and made into a motion picture. The job requires plenty of drawing supplies, and the cartoonist must also overcome some mishaps caused by an assistant. Finally, the work is done, and everyone can see the resulting animated picture.",
  "languages": [
    "English"
  ],
  "released": {
    "$date": {
      "$numberLong": "-1853539200000"
    }
  },
  "directors": [
    "Winsor McCay",
    "J. Stuart Blackton"
  ],
  "writers": [
    "Winsor McCay (comic strip \"Little Nemo in Slumberland\")",
    "Winsor McCay (screenplay)"
  ],
  "awards": {
    "wins": 1,
    "nominations": 0,
    "text": "1 win."
  },
  "lastupdated": "2015-08-29 01:09:03.030000000",
  "year": 1911,
  "imdb": {
    "rating": 7.3,
    "votes": 1034,
    "id": 1737
  },
  "countries": [
    "USA"
  ],
  "type": "movie",
  "tomatoes": {
    "viewer": {
      "rating": 3.4,
      "numReviews": 89,
      "meter": 47
    },
    "lastUpdated": {
      "$date": "2015-08-20T18:51:24.000Z"
    }
  }
},
{
  "_id": {
    "$oid": "573a1390f29313caabcd4eaf"
  },
  "plot": "A woman, with the aid of her police officer sweetheart, endeavors to uncover the prostitution ring that has kidnapped her sister, and the philanthropist who secretly runs it.",
  "genres": [
    "Crime",
    "Drama"
  ],
  "runtime": 88,
  "cast": [
    "Jane Gail",
    "Ethel Grandin",
    "William H. Turner",
    "Matt Moore"
  ],
  "num_mflix_comments": 1,
  "poster": "https://m.media-amazon.com/images/M/MV5BYzk0YWQzMGYtYTM5MC00NjM2LWE5YzYtMjgyNDVhZDg1N2YzXkEyXkFqcGdeQXVyMzE0MjY5ODA@._V1_SY1000_SX677_AL_.jpg",
  "title": "Traffic in Souls",
  "lastupdated": "2015-09-15 02:07:14.247000000",
  "languages": [
    "English"
  ],
  "released": {
    "$date": {
      "$numberLong": "-1770508800000"
    }
  },
  "directors": [
    "George Loane Tucker"
  ],
  "rated": "TV-PG",
  "awards": {
    "wins": 1,
    "nominations": 0,
    "text": "1 win."
  },
  "year": 1913,
  "imdb": {
    "rating": 6,
    "votes": 371,
    "id": 3471
  },
  "countries": [
    "USA"
  ],
  "type": "movie",
  "tomatoes": {
    "viewer": {
      "rating": 3,
      "numReviews": 85,
      "meter": 57
    },
    "dvd": {
      "$date": "2008-08-26T00:00:00.000Z"
    },
    "lastUpdated": {
      "$date": "2015-08-10T18:33:55.000Z"
    }
  }
},
{
  "_id": {
    "$oid": "573a1390f29313caabcd50e5"
  },
  "plot": "The cartoonist, Winsor McCay, brings the Dinosaurus back to life in the figure of his latest creation, Gertie the Dinosaur.",
  "genres": [
    "Animation",
    "Short",
    "Comedy"
  ],
  "runtime": 12,
  "cast": [
    "Winsor McCay",
    "George McManus",
    "Roy L. McCardell"
  ],
  "num_mflix_comments": 0,
  "poster": "https://m.media-amazon.com/images/M/MV5BMTQxNzI4ODQ3NF5BMl5BanBnXkFtZTgwNzY5NzMwMjE@._V1_SY1000_SX677_AL_.jpg",
  "title": "Gertie the Dinosaur",
  "fullplot": "Winsor Z. McCay bets another cartoonist that he can animate a dinosaur. So he draws a big friendly herbivore called Gertie. Then he get into his own picture. Gertie walks through the picture, eats a tree, meets her creator, and takes him carefully on her back for a ride.",
  "languages": [
    "English"
  ],
  "released": {
    "$date": {
      "$numberLong": "-1745020800000"
    }
  },
  "directors": [
    "Winsor McCay"
  ],
  "writers": [
    "Winsor McCay"
  ],
  "awards": {
    "wins": 1,
    "nominations": 0,
    "text": "1 win."
  },
  "lastupdated": "2015-08-18 01:03:15.313000000",
  "year": 1914,
  "imdb": {
    "rating": 7.3,
    "votes": 1837,
    "id": 4008
  },
  "countries": [
    "USA"
  ],
  "type": "movie",
  "tomatoes": {
    "viewer": {
      "rating": 3.7,
      "numReviews": 29
    },
    "lastUpdated": {
      "$date": "2015-08-10T19:20:03.000Z"
    }
  }
},
{
  "_id": {
    "$oid": "573a1390f29313caabcd516c"
  },
  "plot": "Original advertising for the film describes it as a drama of primitive life on the shores of the North Pacific...",
  "genres": [
    "Drama",
    "History"
  ],
  "runtime": 65,
  "cast": [
    "Stanley Hunt",
    "Sarah Constance Smith Hunt",
    "Mrs. George Walkus",
    "Paddy 'Malid"
  ],
  "num_mflix_comments": 1,
  "poster": "https://m.media-amazon.com/images/M/MV5BMjE3MjAyNzM5NV5BMl5BanBnXkFtZTgwMjA5OTg5NjE@._V1_SY1000_SX677_AL_.jpg",
  "title": "In the Land of the Head Hunters",
  "lastupdated": "2015-09-16 12:11:37.770000000",
  "languages": [
    "English"
  ],
  "released": {
    "$date": {
      "$numberLong": "-1737849600000"
    }
  },
  "directors": [
    "Edward S. Curtis"
  ],
  "writers": [
    "Edward S. Curtis (story)"
  ],
  "awards": {
    "wins": 1,
    "nominations": 0,
    "text": "1 win."
  },
  "year": 1914,
  "imdb": {
    "rating": 5.8,
    "votes": 223,
    "id": 4150
  },
  "countries": [
    "USA"
  ],
  "type": "movie",
  "tomatoes": {
    "viewer": {
      "rating": 2.7,
      "numReviews": 64,
      "meter": 18
    },
    "dvd": {
      "$date": "2000-08-15T00:00:00.000Z"
    },
    "website": "http://www.milestonefilms.com/",
    "production": "World Film Corporation",
    "lastUpdated": {
      "$date": "2015-08-18T19:21:12.000Z"
    }
  }
},
{
  "_id": {
    "$oid": "573a1390f29313caabcd5293"
  },
  "plot": "Young Pauline is left a lot of money when her wealthy uncle dies. However, her uncle's secretary has been named as her guardian until she marries, at which time she will officially take ...",
  "genres": [
    "Action"
  ],
  "runtime": 199,
  "cast": [
    "Pearl White",
    "Crane Wilbur",
    "Paul Panzer",
    "Edward Josè"
  ],
  "num_mflix_comments": 0,
  "poster": "https://m.media-amazon.com/images/M/MV5BMzgxODk1Mzk2Ml5BMl5BanBnXkFtZTgwMDg0NzkwMjE@._V1_SY1000_SX677_AL_.jpg",
  "title": "The Perils of Pauline",
  "fullplot": "Young Pauline is left a lot of money when her wealthy uncle dies. However, her uncle's secretary has been named as her guardian until she marries, at which time she will officially take possession of her inheritance. Meanwhile, her \"guardian\" and his confederates constantly come up with schemes to get rid of Pauline so that he can get his hands on the money himself.",
  "languages": [
    "English"
  ],
  "released": {
    "$date": {
      "$numberLong": "-1760227200000"
    }
  },
  "directors": [
    "Louis J. Gasnier",
    "Donald MacKenzie"
  ],
  "writers": [
    "Charles W. Goddard (screenplay)",
    "Basil Dickey (screenplay)",
    "Charles W. Goddard (novel)",
    "George B. Seitz",
    "Bertram Millhauser"
  ],
  "awards": {
    "wins": 1,
    "nominations": 0,
    "text": "1 win."
  },
  "lastupdated": "2015-09-12 00:01:18.647000000",
  "year": 1914,
  "imdb": {
    "rating": 7.6,
    "votes": 744,
    "id": 4465
  },
  "countries": [
    "USA"
  ],
  "type": "movie",
  "tomatoes": {
    "viewer": {
      "rating": 2.8,
      "numReviews": 9
    },
    "production": "Pathè Frères",
    "lastUpdated": {
      "$date": "2015-09-11T17:46:19.000Z"
    }
  }
},
{
  "_id": {
    "$oid": "573a1390f29313caabcd56df"
  },
  "plot": "An immigrant leaves his sweetheart in Italy to find a better life across the sea in the grimy slums of New York. They are eventually reunited and marry. But life in New York is hard and ...",
  "genres": [
    "Drama"
  ],
  "runtime": 78,
  "rated": "PASSED",
  "cast": [
    "George Beban",
    "Clara Williams",
    "J. Frank Burke",
    "Leo Willis"
  ],
  "title": "The Italian",
  "fullplot": "An immigrant leaves his sweetheart in Italy to find a better life across the sea in the grimy slums of New York. They are eventually reunited and marry. But life in New York is hard and tragedy tarnishes their dream of a better life in the new world.",
  "languages": [
    "English"
  ],
  "released": {
    "$date": {
      "$numberLong": "-1735689600000"
    }
  },
  "directors": [
    "Reginald Barker"
  ],
  "writers": [
    "Thomas H. Ince (story)",
    "C. Gardner Sullivan (story)"
  ],
  "awards": {
    "wins": 1,
    "nominations": 0,
    "text": "1 win."
  },
  "lastupdated": "2015-07-27 00:07:43.230000000",
  "year": 1915,
  "imdb": {
    "rating": 6.4,
    "votes": 175,
    "id": 5557
  },
  "countries": [
    "USA"
  ],
  "type": "movie",
  "tomatoes": {
    "viewer": {
      "rating": 4,
      "numReviews": 204,
      "meter": 60
    },
    "dvd": {
      "$date": "2008-08-26T00:00:00.000Z"
    },
    "lastUpdated": {
      "$date": "2015-07-24T19:30:02.000Z"
    }
  },
  "num_mflix_comments": 0
},
{
  "_id": {
    "$oid": "573a1390f29313caabcd587d"
  },
  "plot": "At 10 years old, Owens becomes a ragged orphan when his sainted mother dies. The Conways, who are next door neighbors, take Owen in, but the constant drinking by Jim soon puts Owen on the ...",
  "genres": [
    "Biography",
    "Crime",
    "Drama"
  ],
  "runtime": 72,
  "rated": "PASSED",
  "cast": [
    "John McCann",
    "James A. Marcus",
    "Maggie Weston",
    "Harry McCoy"
  ],
  "num_mflix_comments": 1,
  "poster": "https://m.media-amazon.com/images/M/MV5BNDkxZGU4NmMtODJlNy00YzA2LTg4ZGMtNGFlNzAyNzcxOTM1XkEyXkFqcGdeQXVyOTM3MjcyMjI@._V1_SY1000_SX677_AL_.jpg",
  "title": "Regeneration",
  "fullplot": "At 10 years old, Owens becomes a ragged orphan when his sainted mother dies. The Conways, who are next door neighbors, take Owen in, but the constant drinking by Jim soon puts Owen on the street. By 17, Owen learns that might is right. By 25, Owen is the leader of his own gang who spend most of their time gambling and drinking. But Marie comes into the gangster area of town and everything changes for Owen as he falls for Marie. But he cannot tell her so, so he comes to her settlement to find education and inspiration. But soon, his old way of life will rise to confront him again.",
  "languages": [
    "English"
  ],
  "released": {
    "$date": {
      "$numberLong": "-1713657600000"
    }
  },
  "directors": [
    "Raoul Walsh"
  ],
  "writers": [
    "Owen Frawley Kildare (book)",
    "Raoul Walsh (adapted from the book: \"My Mamie Rose\")",
    "Carl Harbaugh (adapted from the book: \"My Mamie Rose\")"
  ],
  "awards": {
    "wins": 1,
    "nominations": 0,
    "text": "1 win."
  },
  "lastupdated": "2015-08-14 01:28:18.957000000",
  "year": 1915,
  "imdb": {
    "rating": 6.8,
    "votes": 626,
    "id": 5960
  },
  "countries": [
    "USA"
  ],
  "type": "movie",
  "tomatoes": {
    "viewer": {
      "rating": 3.4,
      "numReviews": 395,
      "meter": 70
    },
    "dvd": {
      "$date": "2001-11-27T00:00:00.000Z"
    },
    "critic": {
      "rating": 9.2,
      "numReviews": 5,
      "meter": 100
    },
    "lastUpdated": {
      "$date": "2015-09-17T17:22:42.000Z"
    },
    "rotten": 0,
    "production": "Fox Film Corporation",
    "fresh": 5
  }
},
{
  "_id": {
    "$oid": "573a1390f29313caabcd5a93"
  },
  "plot": "Christ takes on the form of a pacifist count to end a senseless war.",
  "genres": [
    "Drama"
  ],
  "runtime": 78,
  "cast": [
    "Howard C. Hickman",
    "Enid Markey",
    "Lola May",
    "Kate Bruce"
  ],
  "num_mflix_comments": 0,
  "poster": "https://m.media-amazon.com/images/M/MV5BMjAwNTIxMjE5N15BMl5BanBnXkFtZTgwODc1Mjg1MzE@._V1_SY1000_SX677_AL_.jpg",
  "title": "Civilization",
  "fullplot": "Allegorical film about peace. A king starts a war, many of the women are against it, people are pressed into service. A count has constructed a submarine and gets the order to sink an ocean liner, that is also carrying - supposedly - ammunition for the enemy. The count refuses to fire the torpedos, and sinks the submarine. He survives, but in a limbo between death and life where he meets Jesus, who takes him over to preach peace. Naturally the king arrests him and sentences him to death for treason, but then Jesus shows him the real face of war.",
  "countries": [
    "USA"
  ],
  "released": {
    "$date": {
      "$numberLong": "-1690934400000"
    }
  },
  "directors": [
    "Reginald Barker",
    "Thomas H. Ince",
    "Raymond B. West",
    "Walter Edwards",
    "David Hartford",
    "Jay Hunt",
    "J. Parker Read Jr."
  ],
  "writers": [
    "C. Gardner Sullivan"
  ],
  "awards": {
    "wins": 1,
    "nominations": 0,
    "text": "1 win."
  },
  "lastupdated": "2015-04-30 02:13:27.863000000",
  "year": 1916,
  "imdb": {
    "rating": 6.3,
    "votes": 162,
    "id": 6517
  },
  "type": "movie",
  "tomatoes": {
    "viewer": {
      "rating": 0,
      "numReviews": 7
    },
    "lastUpdated": {
      "$date": "2015-08-07T18:42:35.000Z"
    }
  }
},
{
  "_id": {
    "$oid": "573a1390f29313caabcd5ea4"
  },
  "plot": "A District Attorney's outspoken stand on abortion gets him in trouble with the local community.",
  "genres": [
    "Drama"
  ],
  "runtime": 62,
  "rated": "APPROVED",
  "cast": [
    "Tyrone Power Sr.",
    "Helen Riaume",
    "Marie Walcamp",
    "Cora Drew"
  ],
  "title": "Where Are My Children?",
  "fullplot": "While prosecuting a physician for the death of a client after an abortion, the district attorney discovers that his wife helped her society friends and the daughter of her maid obtain and pay for abortions from the physician (and was perhaps herself also a client.)",
  "languages": [
    "English"
  ],
  "released": {
    "$date": {
      "$numberLong": "-1693699200000"
    }
  },
  "directors": [
    "Phillips Smalley",
    "Lois Weber"
  ],
  "writers": [
    "Lucy Payton (from the story by)",
    "Franklin Hall (from the story by)",
    "Lois Weber",
    "Phillips Smalley"
  ],
  "awards": {
    "wins": 1,
    "nominations": 0,
    "text": "1 win."
  },
  "lastupdated": "2015-09-07 00:51:32.560000000",
  "year": 1916,
  "imdb": {
    "rating": 5.9,
    "votes": 247,
    "id": 7558
  },
  "countries": [
    "USA"
  ],
  "type": "movie",
  "tomatoes": {
    "viewer": {
      "rating": 3.1,
      "numReviews": 34,
      "meter": 50
    },
    "production": "MCA/Universal Pictures",
    "lastUpdated": {
      "$date": "2015-08-06T19:49:17.000Z"
    }
  },
  "num_mflix_comments": 0
},
{
  "_id": {
    "$oid": "573a1390f29313caabcd6223"
  },
  "plot": "Gwen's family is rich, but her parents ignore her and most of the servants push her around, so she is lonely and unhappy. Her father is concerned only with making money, and her mother ...",
  "genres": [
    "Comedy",
    "Drama",
    "Family"
  ],
  "runtime": 65,
  "cast": [
    "Mary Pickford",
    "Madlaine Traverse",
    "Charles Wellesley",
    "Gladys Fairbanks"
  ],
  "title": "The Poor Little Rich Girl",
  "fullplot": "Gwen's family is rich, but her parents ignore her and most of the servants push her around, so she is lonely and unhappy. Her father is concerned only with making money, and her mother cares only about her social position. But one day a servant's irresponsibility creates a crisis that causes everyone to rethink what is important to them.",
  "languages": [
    "English"
  ],
  "released": {
    "$date": {
      "$numberLong": "-1667088000000"
    }
  },
  "directors": [
    "Maurice Tourneur"
  ],
  "writers": [
    "Eleanor Gates (play)",
    "Frances Marion (scenario)"
  ],
  "awards": {
    "wins": 1,
    "nominations": 0,
    "text": "1 win."
  },
  "lastupdated": "2015-07-27 00:11:31.387000000",
  "year": 1917,
  "imdb": {
    "rating": 6.9,
    "votes": 884,
    "id": 8443
  },
  "countries": [
    "USA"
  ],
  "type": "movie",
  "tomatoes": {
    "viewer": {
      "rating": 3.9,
      "numReviews": 137,
      "meter": 77
    },
    "production": "Artcraft",
    "lastUpdated": {
      "$date": "2015-08-21T18:00:25.000Z"
    }
  },
  "num_mflix_comments": 0
},
{
  "_id": {
    "$oid": "573a1390f29313caabcd6377"
  },
  "plot": "A rich young Easterner who has always wanted to live in \"the Wild West\" plans to move to a Western town. Unknown to him, the town's \"wild\" days are long gone, and it is an orderly, ...",
  "genres": [
    "Comedy",
    "Western",
    "Romance"
  ],
  "runtime": 72,
  "cast": [
    "Douglas Fairbanks",
    "Eileen Percy",
    "Calvert Carter",
    "Charles Stevens"
  ],
  "title": "Wild and Woolly",
  "fullplot": "A rich young Easterner who has always wanted to live in \"the Wild West\" plans to move to a Western town. Unknown to him, the town's \"wild\" days are long gone, and it is an orderly, civilized place now. The townsmen, not wanting to lose a rich potential resident, contrive to make over the town to suit the young man's fantasy.",
  "languages": [
    "English"
  ],
  "released": {
    "$date": {
      "$numberLong": "-1657497600000"
    }
  },
  "directors": [
    "John Emerson"
  ],
  "writers": [
    "Horace B. Carpenter (story)",
    "John Emerson",
    "Anita Loos"
  ],
  "awards": {
    "wins": 1,
    "nominations": 0,
    "text": "1 win."
  },
  "lastupdated": "2015-06-05 00:40:35.137000000",
  "year": 1917,
  "imdb": {
    "rating": 6.9,
    "votes": 388,
    "id": 8775
  },
  "countries": [
    "USA"
  ],
  "type": "movie",
  "num_mflix_comments": 0
},
{
  "_id": {
    "$oid": "573a1390f29313caabcd63d6"
  },
  "plot": "Two peasant children, Mytyl and Tyltyl, are led by Berylune, a fairy, to search for the Blue Bird of Happiness. Berylune gives Tyltyl a cap with a diamond setting, and when Tyltyl turns the...",
  "genres": [
    "Fantasy"
  ],
  "runtime": 75,
  "cast": [
    "Tula Belle",
    "Robin Macdougall",
    "Edwin E. Reed",
    "Emma Lowry"
  ],
  "num_mflix_comments": 0,
  "poster": "https://m.media-amazon.com/images/M/MV5BMjNlMThmNzItMTZlMS00YzJkLTk1MzktYzIyMzllOGFmZmRlXkEyXkFqcGdeQXVyMzE0MjY5ODA@._V1_SY1000_SX677_AL_.jpg",
  "title": "The Blue Bird",
  "fullplot": "Two peasant children, Mytyl and Tyltyl, are led by Berylune, a fairy, to search for the Blue Bird of Happiness. Berylune gives Tyltyl a cap with a diamond setting, and when Tyltyl turns the diamond, the children become aware of and conversant with the souls of a Dog and Cat, as well as of Fire, Water, Bread, Light, and other presumably inanimate things. The troupe thus sets off to find the elusive Blue Bird of Happiness.",
  "languages": [
    "English"
  ],
  "released": {
    "$date": {
      "$numberLong": "-1633305600000"
    }
  },
  "directors": [
    "Maurice Tourneur"
  ],
  "writers": [
    "Maurice Maeterlinck (play)",
    "Charles Maigne"
  ],
  "awards": {
    "wins": 1,
    "nominations": 0,
    "text": "1 win."
  },
  "lastupdated": "2015-07-20 00:32:04.810000000",
  "year": 1918,
  "imdb": {
    "rating": 6.6,
    "votes": 446,
    "id": 8891
  },
  "countries": [
    "USA"
  ],
  "type": "movie",
  "tomatoes": {
    "viewer": {
      "rating": 3.6,
      "numReviews": 607,
      "meter": 60
    },
    "dvd": {
      "$date": "2005-09-06T00:00:00.000Z"
    },
    "lastUpdated": {
      "$date": "2015-08-21T18:10:22.000Z"
    }
  }
},
{
  "_id": {
    "$oid": "573a1391f29313caabcd68d0"
  },
  "plot": "A penniless young man tries to save an heiress from kidnappers and help her secure her inheritance.",
  "genres": [
    "Comedy",
    "Short",
    "Action"
  ],
  "runtime": 22,
  "rated": "TV-G",
  "cast": [
    "Harold Lloyd",
    "Mildred Davis",
    "'Snub' Pollard",
    "Peggy Cartwright"
  ],
  "poster": "https://m.media-amazon.com/images/M/MV5BNzE1OWRlNDgtMTllNi00NTZiLWIyNTktYTk0MDY1ZWUwYTc5XkEyXkFqcGdeQXVyMjUxODE0MDY@._V1_SY1000_SX677_AL_.jpg",
  "title": "From Hand to Mouth",
  "fullplot": "As a penniless man worries about how he will manage to eat, he is joined by a young waif and her dog, who are in the same predicament. Meanwhile, across town a dishonest lawyer is working with a gang of criminals, trying to swindle an innocent young heiress out of her inheritance. As the heiress is on her way home from the lawyer's office, she notices the young man and the waif in the midst of their latest problem with the authorities, and she rescues them. Later on, the young man will have an unexpected opportunity to repay her for her kindness.",
  "languages": [
    "English"
  ],
  "released": {
    "$date": {
      "$numberLong": "-1578268800000"
    }
  },
  "directors": [
    "Alfred J. Goulding",
    "Hal Roach"
  ],
  "writers": [
    "H.M. Walker (titles)"
  ],
  "awards": {
    "wins": 0,
    "nominations": 1,
    "text": "1 nomination."
  },
  "lastupdated": "2015-04-17 00:16:14.220000000",
  "year": 1919,
  "imdb": {
    "rating": 7,
    "votes": 639,
    "id": 10146
  },
  "countries": [
    "USA"
  ],
  "type": "movie",
  "tomatoes": {
    "viewer": {
      "rating": 3.3,
      "numReviews": 71,
      "meter": 55
    },
    "production": "Pathè Exchange",
    "lastUpdated": {
      "$date": "2015-08-21T18:45:11.000Z"
    }
  },
  "num_mflix_comments": 0
},
{
  "_id": {
    "$oid": "573a139cf29313caabcf560f"
  },
  "plot": "Two people kiss.",
  "genres": [
    "Short",
    "Romance"
  ],
  "runtime": 1,
  "title": "The Kiss",
  "countries": [
    "USA"
  ],
  "fullplot": "A couple make love, in the 19th century sense. Then he grooms his moustache, and gives her a kiss. On the lips!",
  "num_mflix_comments": 0,
  "cast": [
    "May Irwin",
    "John C. Rice"
  ],
  "directors": [
    "William Heise"
  ],
  "writers": [
    "John J. McNally (play)"
  ],
  "awards": {
    "wins": 1,
    "nominations": 0,
    "text": "1 win."
  },
  "lastupdated": "2015-08-07 00:29:36.180000000",
  "year": 1896,
  "imdb": {
    "rating": 5.9,
    "votes": 1739,
    "id": 139738
  },
  "type": "movie",
  "tomatoes": {
    "viewer": {
      "rating": 4,
      "numReviews": 235,
      "meter": 87
    },
    "dvd": {
      "$date": "1999-05-04T00:00:00.000Z"
    },
    "lastUpdated": {
      "$date": "2015-08-22T19:24:09.000Z"
    }
  }
},
{
  "_id": {
    "$oid": "573a13a0f29313caabd041db"
  },
  "plot": "Two people kiss.",
  "genres": [
    "Short",
    "Romance"
  ],
  "runtime": 1,
  "title": "The Kiss",
  "countries": [
    "USA"
  ],
  "fullplot": "A couple make love, in the 19th century sense. Then he grooms his moustache, and gives her a kiss. On the lips!",
  "num_mflix_comments": 1,
  "cast": [
    "May Irwin",
    "John C. Rice"
  ],
  "directors": [
    "William Heise"
  ],
  "writers": [
    "John J. McNally (play)"
  ],
  "awards": {
    "wins": 1,
    "nominations": 0,
    "text": "1 win."
  },
  "lastupdated": "2015-08-30 04:39:01.160000000",
  "year": 1896,
  "imdb": {
    "rating": 5.9,
    "votes": 1759,
    "id": 139738
  },
  "type": "movie"
},
{
  "_id": {
    "$oid": "573a13a5f29313caabd13572"
  },
  "plot": "Cartoon figures announce, via comic strip balloons, that they will move - and move they do, in a wildly exaggerated style.",
  "genres": [
    "Animation",
    "Short",
    "Comedy"
  ],
  "runtime": 7,
  "cast": [
    "Winsor McCay"
  ],
  "poster": "https://m.media-amazon.com/images/M/MV5BYzg2NjNhNTctMjUxMi00ZWU4LWI3ZjYtNTI0NTQxNThjZTk2XkEyXkFqcGdeQXVyNzg5OTk2OA@@._V1_SY1000_SX677_AL_.jpg",
  "title": "Winsor McCay, the Famous Cartoonist of the N.Y. Herald and His Moving Comics",
  "fullplot": "Cartoonist Winsor McCay agrees to create a large set of drawings that will be photographed and made into a motion picture. The job requires plenty of drawing supplies, and the cartoonist must also overcome some mishaps caused by an assistant. Finally, the work is done, and everyone can see the resulting animated picture.",
  "languages": [
    "English"
  ],
  "released": {
    "$date": {
      "$numberLong": "-1853539200000"
    }
  },
  "directors": [
    "Winsor McCay",
    "J. Stuart Blackton"
  ],
  "writers": [
    "Winsor McCay (comic strip \"Little Nemo in Slumberland\")",
    "Winsor McCay (screenplay)"
  ],
  "awards": {
    "wins": 1,
    "nominations": 0,
    "text": "1 win."
  },
  "lastupdated": "2015-08-31 01:05:38.577000000",
  "year": 1911,
  "imdb": {
    "rating": 7.3,
    "votes": 1036,
    "id": 1737
  },
  "countries": [
    "USA"
  ],
  "type": "movie",
  "num_mflix_comments": 0
}]