{
    "1": [
     "Michelone",
     "Badasium",
     "senza"
    ],
    "2": [
     "Danielone",
     "Pietrosmusi",
     "con"
    ],
    "3": [
     "Romeo",
     "Sgarrapisi",
     "con"
    ],
    "4": [
     "Samuele",
     "Sgarrapisi",
     "senza"
    ],
    "5": [
     "Cristiano",
     "Ronaldo",
     "con"
    ],
    "6": [
     "Pino",
     "Salatino",
     "senza"
    ],
    "7": [
     "Eros",
     "Ramazzotti",
     "con"
    ],
    "8": [
     "Francisco Leon",
     "Felici",
     "con"
    ],
    "9": [
     "Peppe",
     "Brescia",
     "senza"
    ],
    "10": [
     "Lorenzo",
     "Maggi",
     "senza"
    ],
    "11": [
     "Lorenzo",
     "Trombini",
     "con"
    ],
    "12": [
     "Alessandro",
     "Mochi Onori",
     "con"
    ],
    "13": [
     "Alessandro",
     "Sereni",
     "senza"
    ],
    "14": [
     "Sarpedonte",
     "Magazzino",
     "con"
    ],
    "15": [
     "Josephine",
     "Silverwolf",
     "con"
    ],
    "16": [
     "Marisa",
     "Volponi",
     "con"
    ]
   }