{
 "Alessandro MochiOnoriC": [
  4,
  "Ti ho sognato Vilgax, eri cos\u00ec bello",
  "5"
 ],
 "AndreaPaddingtonC": [
  7,
  "Un po' troppo molesto, ma il servizio era ottimo",
  "4"
 ],
 "CristianoRonaldoS": [
  12,
  "Sacrificing your life to Vilgax was not SIUM :(",
  "1"
 ],
 "DanielonePietrosmusiC": [
  11,
  "Migliore esperienza della mia vita da quando ho scoperto la carta di Zio Peppe",
  "5"
 ],
 "MarisaVolponiC": [
  0,
  "Mi piace poco",
  "2"
 ],
 "MicheloneBadasiumS": [
  8,
  "Davvero organizzato bene, tuttavia non c'erano le patatine alla paprika, pessima scelta",
  "1"
 ],
 "RichardBensonC": [
  3,
  "io volevo un pollo. UN POLLOOOOOOOOOOOOOOOO",
  "4"
 ],
 "RomeoSgarrapisiS": [
  9,
  "Mio fratello era davvero insopportabile, grazie a Vilgax sono libero!",
  "5"
 ],
 "SamueleSgarrapisiC": [
  10,
  "Mio fratello ha deciso di sacrificarsi a Vilgax, lo ho fatto anche io per disperazione! Ottimi salamini",
  "3"
 ],
 "Desire\u00e9Rigatoni 'Sedici' Sassi\u20acS": [
  13,
  "AMO VILGAX AAAAAAAAAAAAAAAAAAAAAAAAAAAAA",
  "5"
 ]
}