{
 "Alessandro MochiOnoriC": [
  "Alessandro Mochi",
  "Onori",
  "con"
 ],
 "AlessandroSereniC": [
  "Alessandro",
  "Sereni",
  "con"
 ],
 "AndreaPaddingtonC": [
  "Andrea",
  "Paddington",
  "con"
 ],
 "CristianoRonaldoS": [
  "Cristiano",
  "Ronaldo",
  "senza"
 ],
 "DanielonePietrosmusiC": [
  "Danielone",
  "Pietrosmusi",
  "con"
 ],
 "Desire\u00e9Rigatoni 'Sedici' Sassi\u20acS": [
  "Desire\u00e9",
  "Rigatoni 'Sedici' Sassi\u20ac",
  "senza"
 ],
 "JosephineSilverwolfC": [
  "Josephine",
  "Silverwolf",
  "con"
 ],
 "LorenzoMaggiC": [
  "Lorenzo",
  "Maggi",
  "con"
 ],
 "LorenzoTrombiniS": [
  "Lorenzo",
  "Trombini",
  "senza"
 ],
 "MarisaVolponiC": [
  "Marisa",
  "Volponi",
  "con"
 ],
 "MicheloneBadasiumS": [
  "Michelone",
  "Badasium",
  "senza"
 ],
 "RichardBensonC": [
  "Richard",
  "Benson",
  "con"
 ],
 "RomeoSgarrapisiC": [
  "Romeo",
  "Sgarrapisi",
  "con"
 ],
 "RomeoSgarrapisiS": [
  "Romeo",
  "Sgarrapisi",
  "senza"
 ],
 "SamueleSgarrapisiC": [
  "Samuele",
  "Sgarrapisi",
  "con"
 ]
}