{
 "AlessandroSereniC": [],
 "DanielonePietrosmusiC": [
  [
   "Odio l'Estonia",
   "Vilgax distruggi l'Estonia grazie",
   20241018
  ]
 ],
 "Desire\u00e9Rigatoni 'Sedici' Sassi\u20acS": [
  [
   "ANNALISA TI AMO",
   "volgio ANNALISA in casa mia",
   20240925
  ],
  [
   "Parmigiano",
   "Dammi il parmigiano quotidiano",
   20241025
  ]
 ],
 "JosephineSilverwolfC": [
  [
   "I gonfaloni",
   "Vorrei gonfaloni infiniti, grazie",
   20240920
  ],
  [
   "L'amore ai tempi del sium",
   "Quando ero giovane il sium non c'era. Ora le cose sono cambiate",
   20240921
  ]
 ],
 "LorenzoMaggiC": [
  [
   "Showdown",
   "Vilgax fai perdere Banana su Showdown lo odio vince sempre, ti prego Vilgax distruggilo",
   20241028
  ],
  [
   "scusa",
   "Scusa Vilgax non ti arrabbiare, voglio solo che Banana perda ciao bello",
   20241028
  ]
 ],
 "MarisaVolponiC": [
  [
   "L'amore infinito",
   "TI ASPETTO ALLA SOLITA PANCHINA.",
   20240921
  ]
 ],
 "MicheloneBadasiumS": [],
 "RichardBensonC": [
  [
   "Un pollo",
   "Vilgax io volevo un pollo, devo sacrificarlo a te, dammi un pollo per piacere",
   20241004
  ],
  [
   "grazie del pollo",
   "davvero un pollo di qualit\u00e0 sono soddisfatto",
   20241004
  ],
  [
   "I NANI",
   "VOGLIO ANCHE DEI NANI VILGAX; PORTAMI DEI NANI",
   20241004
  ]
 ],
 "RomeoSgarrapisiS": [
  [
   "MIo fratello",
   "Mio fratello \u00e8 arrivato qui Vilgax, caccialo via ti prego",
   20241028
  ]
 ]
}