{"PassengerId":{"0":1,"1":2,"2":3,"3":4,"4":5,"5":6,"6":7,"7":8,"8":9,"9":10,"10":11,"11":12,"12":13,"13":14,"14":15,"15":16,"16":17,"17":18,"18":19,"19":20,"20":21,"21":22,"22":23,"23":24,"24":25,"25":26,"26":27,"27":28,"28":29,"29":30},"preferences":{"0":"{\"preferred_deck\": \"B\", \"dining_time\": \"early\", \"activity\": \"reading\"}","1":"{\"preferred_deck\": \"?\", \"dining_time\": \"early\", \"activity\": \"sleeping\"}","2":"{\"preferred_deck\": \"C\", \"dining_time\": \"?\", \"activity\": \"exploring\"}","3":"{\"preferred_deck\": \"?\", \"dining_time\": \"flexible\", \"activity\": \"sleeping\"}","4":"{\"preferred_deck\": \"F\", \"dining_time\": \"late\", \"activity\": \"reading\"}","5":"{\"preferred_deck\": \"A\", \"dining_time\": \"flexible\", \"activity\": \"reading\"}","6":"{\"preferred_deck\": \"A\", \"dining_time\": \"flexible\", \"activity\": \"?\"}","7":"{\"preferred_deck\": \"C\", \"dining_time\": \"flexible\", \"activity\": \"?\"}","8":"{\"preferred_deck\": \"?\", \"dining_time\": \"late\", \"activity\": \"reading\"}","9":"{\"preferred_deck\": \"?\", \"dining_time\": \"?\", \"activity\": \"sleeping\"}","10":"{\"preferred_deck\": \"?\", \"dining_time\": \"early\", \"activity\": \"socializing\"}","11":"{\"preferred_deck\": \"?\", \"dining_time\": \"early\", \"activity\": \"sleeping\"}","12":"{\"preferred_deck\": \"E\", \"dining_time\": \"late\", \"activity\": \"?\"}","13":"{\"preferred_deck\": \"B\", \"dining_time\": \"early\", \"activity\": \"exploring\"}","14":"{\"preferred_deck\": \"D\", \"dining_time\": \"flexible\", \"activity\": \"sleeping\"}","15":"{\"preferred_deck\": \"A\", \"dining_time\": \"early\", \"activity\": \"exploring\"}","16":"{\"preferred_deck\": \"E\", \"dining_time\": \"?\", \"activity\": \"socializing\"}","17":"{\"preferred_deck\": \"B\", \"dining_time\": \"flexible\", \"activity\": \"reading\"}","18":"{\"preferred_deck\": \"F\", \"dining_time\": \"late\", \"activity\": \"sleeping\"}","19":"{\"preferred_deck\": \"A\", \"dining_time\": \"late\", \"activity\": \"reading\"}","20":"{\"preferred_deck\": \"A\", \"dining_time\": \"flexible\", \"activity\": \"socializing\"}","21":"{\"preferred_deck\": \"A\", \"dining_time\": \"late\", \"activity\": \"sleeping\"}","22":"{\"preferred_deck\": \"?\", \"dining_time\": \"flexible\", \"activity\": \"exploring\"}","23":"{\"preferred_deck\": \"A\", \"dining_time\": \"early\", \"activity\": \"sleeping\"}","24":"{\"preferred_deck\": \"A\", \"dining_time\": \"?\", \"activity\": \"?\"}","25":"{\"preferred_deck\": \"B\", \"dining_time\": \"flexible\", \"activity\": \"sleeping\"}","26":"{\"preferred_deck\": \"A\", \"dining_time\": \"early\", \"activity\": \"socializing\"}","27":"{\"preferred_deck\": \"?\", \"dining_time\": \"late\", \"activity\": \"sleeping\"}","28":"{\"preferred_deck\": \"F\", \"dining_time\": \"?\", \"activity\": \"reading\"}","29":"{\"preferred_deck\": \"A\", \"dining_time\": \"?\", \"activity\": \"reading\"}"}}
